{
  "applicationState": {
    "stationId": "preset:OMVi3ial0eNVoVQCmT5Dw9",
    "stream": {
      "title": "Classic Rock",
      "websiteUrl": "http://hitsradio.com"
    },
    "track": {
      "artist": "Creedence Clearwater Revival",
      "title": "I Heard It Through The Grapevine"
    },
    "sources": [
      "http://www.977music.com/tunein/web/classicrock.asx"
    ],
    "volume": 0.0
  },
  "activeTab": "Stations",
  "openTabs": [
    "Stations",
    "Log",
    "Settings",
    "About"
  ],
  "singleInstance": true,
  "upgrades": {
    "lastUpgradeCheck": "2019-12-24T02:29:10.6184386Z"
  },
  "window": {
    "maximized": false,
    "locationLeft": 390.0,
    "locationTop": 163.0,
    "width": 800.0,
    "height": 550.0
  },
  "network": {
    "bufferSize": 5000,
    "proxy": "",
    "proxyEnabled": true
  }
}